--
-- PostgreSQL database dump
--

-- Dumped from database version 12.22 (Ubuntu 12.22-0ubuntu0.20.04.4)
-- Dumped by pg_dump version 12.22 (Ubuntu 12.22-0ubuntu0.20.04.4)

SET statement_timeout = 0;
SET lock_timeout = 0;
SET idle_in_transaction_session_timeout = 0;
SET client_encoding = 'UTF8';
SET standard_conforming_strings = on;
SELECT pg_catalog.set_config('search_path', '', false);
SET check_function_bodies = false;
SET xmloption = content;
SET client_min_messages = warning;
SET row_security = off;

DROP DATABASE universe;
--
-- Name: universe; Type: DATABASE; Schema: -; Owner: freecodecamp
--

CREATE DATABASE universe WITH TEMPLATE = template0 ENCODING = 'UTF8' LC_COLLATE = 'C.UTF-8' LC_CTYPE = 'C.UTF-8';


ALTER DATABASE universe OWNER TO freecodecamp;

\connect universe

SET statement_timeout = 0;
SET lock_timeout = 0;
SET idle_in_transaction_session_timeout = 0;
SET client_encoding = 'UTF8';
SET standard_conforming_strings = on;
SELECT pg_catalog.set_config('search_path', '', false);
SET check_function_bodies = false;
SET xmloption = content;
SET client_min_messages = warning;
SET row_security = off;

SET default_tablespace = '';

SET default_table_access_method = heap;

--
-- Name: galaxy; Type: TABLE; Schema: public; Owner: freecodecamp
--

CREATE TABLE public.galaxy (
    galaxy_id integer NOT NULL,
    name character varying(40) NOT NULL,
    distance_from_earth numeric(6,2),
    age_in_millions_of_years integer,
    description text
);


ALTER TABLE public.galaxy OWNER TO freecodecamp;

--
-- Name: galaxy_galaxy_id_seq; Type: SEQUENCE; Schema: public; Owner: freecodecamp
--

CREATE SEQUENCE public.galaxy_galaxy_id_seq
    AS integer
    START WITH 1
    INCREMENT BY 1
    NO MINVALUE
    NO MAXVALUE
    CACHE 1;


ALTER TABLE public.galaxy_galaxy_id_seq OWNER TO freecodecamp;

--
-- Name: galaxy_galaxy_id_seq; Type: SEQUENCE OWNED BY; Schema: public; Owner: freecodecamp
--

ALTER SEQUENCE public.galaxy_galaxy_id_seq OWNED BY public.galaxy.galaxy_id;


--
-- Name: moon; Type: TABLE; Schema: public; Owner: freecodecamp
--

CREATE TABLE public.moon (
    moon_id integer NOT NULL,
    name character varying(20) NOT NULL,
    distance_from_earth numeric(4,2),
    age_in_millions_of_years integer,
    planet_id integer,
    description text
);


ALTER TABLE public.moon OWNER TO freecodecamp;

--
-- Name: moon_moon_id_seq; Type: SEQUENCE; Schema: public; Owner: freecodecamp
--

CREATE SEQUENCE public.moon_moon_id_seq
    AS integer
    START WITH 1
    INCREMENT BY 1
    NO MINVALUE
    NO MAXVALUE
    CACHE 1;


ALTER TABLE public.moon_moon_id_seq OWNER TO freecodecamp;

--
-- Name: moon_moon_id_seq; Type: SEQUENCE OWNED BY; Schema: public; Owner: freecodecamp
--

ALTER SEQUENCE public.moon_moon_id_seq OWNED BY public.moon.moon_id;


--
-- Name: planet; Type: TABLE; Schema: public; Owner: freecodecamp
--

CREATE TABLE public.planet (
    planet_id integer NOT NULL,
    name character varying(20) NOT NULL,
    distance_from_earth numeric(4,2),
    age_in_millions_of_years integer,
    has_life boolean,
    is_spherical boolean,
    star_id integer,
    description text
);


ALTER TABLE public.planet OWNER TO freecodecamp;

--
-- Name: planet_planet_id_seq; Type: SEQUENCE; Schema: public; Owner: freecodecamp
--

CREATE SEQUENCE public.planet_planet_id_seq
    AS integer
    START WITH 1
    INCREMENT BY 1
    NO MINVALUE
    NO MAXVALUE
    CACHE 1;


ALTER TABLE public.planet_planet_id_seq OWNER TO freecodecamp;

--
-- Name: planet_planet_id_seq; Type: SEQUENCE OWNED BY; Schema: public; Owner: freecodecamp
--

ALTER SEQUENCE public.planet_planet_id_seq OWNED BY public.planet.planet_id;


--
-- Name: star; Type: TABLE; Schema: public; Owner: freecodecamp
--

CREATE TABLE public.star (
    star_id integer NOT NULL,
    name character varying(20) NOT NULL,
    distance_from_earth numeric(4,2),
    age_in_millions_of_years integer,
    galaxy_id integer,
    description text
);


ALTER TABLE public.star OWNER TO freecodecamp;

--
-- Name: star_star_id_seq; Type: SEQUENCE; Schema: public; Owner: freecodecamp
--

CREATE SEQUENCE public.star_star_id_seq
    AS integer
    START WITH 1
    INCREMENT BY 1
    NO MINVALUE
    NO MAXVALUE
    CACHE 1;


ALTER TABLE public.star_star_id_seq OWNER TO freecodecamp;

--
-- Name: star_star_id_seq; Type: SEQUENCE OWNED BY; Schema: public; Owner: freecodecamp
--

ALTER SEQUENCE public.star_star_id_seq OWNED BY public.star.star_id;


--
-- Name: wormhole; Type: TABLE; Schema: public; Owner: freecodecamp
--

CREATE TABLE public.wormhole (
    wormhole_id integer NOT NULL,
    name character varying(40) NOT NULL,
    distance_from_earth numeric(6,2),
    age integer
);


ALTER TABLE public.wormhole OWNER TO freecodecamp;

--
-- Name: wormhole_wormhole_id_seq; Type: SEQUENCE; Schema: public; Owner: freecodecamp
--

CREATE SEQUENCE public.wormhole_wormhole_id_seq
    AS integer
    START WITH 1
    INCREMENT BY 1
    NO MINVALUE
    NO MAXVALUE
    CACHE 1;


ALTER TABLE public.wormhole_wormhole_id_seq OWNER TO freecodecamp;

--
-- Name: wormhole_wormhole_id_seq; Type: SEQUENCE OWNED BY; Schema: public; Owner: freecodecamp
--

ALTER SEQUENCE public.wormhole_wormhole_id_seq OWNED BY public.wormhole.wormhole_id;


--
-- Name: galaxy galaxy_id; Type: DEFAULT; Schema: public; Owner: freecodecamp
--

ALTER TABLE ONLY public.galaxy ALTER COLUMN galaxy_id SET DEFAULT nextval('public.galaxy_galaxy_id_seq'::regclass);


--
-- Name: moon moon_id; Type: DEFAULT; Schema: public; Owner: freecodecamp
--

ALTER TABLE ONLY public.moon ALTER COLUMN moon_id SET DEFAULT nextval('public.moon_moon_id_seq'::regclass);


--
-- Name: planet planet_id; Type: DEFAULT; Schema: public; Owner: freecodecamp
--

ALTER TABLE ONLY public.planet ALTER COLUMN planet_id SET DEFAULT nextval('public.planet_planet_id_seq'::regclass);


--
-- Name: star star_id; Type: DEFAULT; Schema: public; Owner: freecodecamp
--

ALTER TABLE ONLY public.star ALTER COLUMN star_id SET DEFAULT nextval('public.star_star_id_seq'::regclass);


--
-- Name: wormhole wormhole_id; Type: DEFAULT; Schema: public; Owner: freecodecamp
--

ALTER TABLE ONLY public.wormhole ALTER COLUMN wormhole_id SET DEFAULT nextval('public.wormhole_wormhole_id_seq'::regclass);


--
-- Data for Name: galaxy; Type: TABLE DATA; Schema: public; Owner: freecodecamp
--

INSERT INTO public.galaxy VALUES (1, 'Karzel Wielkiej Niedzwiecicy II', 98.00, 12, NULL);
INSERT INTO public.galaxy VALUES (2, 'Wielki Oblok Magellana', 163.00, 13, NULL);
INSERT INTO public.galaxy VALUES (3, 'Karzel Epliptyczny w Strzale', 197.00, 13, NULL);
INSERT INTO public.galaxy VALUES (4, 'Maly Oblok Magellana', 206.00, 13, NULL);
INSERT INTO public.galaxy VALUES (5, 'Krzel w Smoku', 263.00, 13, NULL);
INSERT INTO public.galaxy VALUES (6, 'Karzel Wielkiego Psa', 25.00, 13, NULL);
INSERT INTO public.galaxy VALUES (7, 'Droga Mleczna', NULL, NULL, NULL);


--
-- Data for Name: moon; Type: TABLE DATA; Schema: public; Owner: freecodecamp
--

INSERT INTO public.moon VALUES (1, 'Ksiezyc', NULL, NULL, 3, NULL);
INSERT INTO public.moon VALUES (2, 'Phobos', NULL, NULL, 4, NULL);
INSERT INTO public.moon VALUES (3, 'Deimos', NULL, NULL, 4, NULL);
INSERT INTO public.moon VALUES (4, 'Io', NULL, NULL, 6, NULL);
INSERT INTO public.moon VALUES (5, 'Europa', NULL, NULL, 6, NULL);
INSERT INTO public.moon VALUES (6, 'Ganimedes', NULL, NULL, 6, NULL);
INSERT INTO public.moon VALUES (7, 'Kallisto', NULL, NULL, 6, NULL);
INSERT INTO public.moon VALUES (8, 'Mimas', NULL, NULL, 7, NULL);
INSERT INTO public.moon VALUES (9, 'Enceladus', NULL, NULL, 7, NULL);
INSERT INTO public.moon VALUES (10, 'Tethys', NULL, NULL, 7, NULL);
INSERT INTO public.moon VALUES (11, 'Dione', NULL, NULL, 7, NULL);
INSERT INTO public.moon VALUES (12, 'Rhea', NULL, NULL, 7, NULL);
INSERT INTO public.moon VALUES (13, 'Tytan', NULL, NULL, 7, NULL);
INSERT INTO public.moon VALUES (14, 'Iapetus', NULL, NULL, 7, NULL);
INSERT INTO public.moon VALUES (15, 'Phoebe', NULL, NULL, 7, NULL);
INSERT INTO public.moon VALUES (16, 'Ariel', NULL, NULL, 8, NULL);
INSERT INTO public.moon VALUES (17, 'Umbriel', NULL, NULL, 8, NULL);
INSERT INTO public.moon VALUES (18, 'Titania', NULL, NULL, 8, NULL);
INSERT INTO public.moon VALUES (19, 'Oberon', NULL, NULL, 8, NULL);
INSERT INTO public.moon VALUES (20, 'Tryton', NULL, NULL, 9, NULL);


--
-- Data for Name: planet; Type: TABLE DATA; Schema: public; Owner: freecodecamp
--

INSERT INTO public.planet VALUES (1, 'Merkury', NULL, NULL, NULL, NULL, 7, NULL);
INSERT INTO public.planet VALUES (2, 'Wenus', NULL, NULL, NULL, NULL, 7, NULL);
INSERT INTO public.planet VALUES (3, 'Ziemia', NULL, NULL, NULL, NULL, 7, NULL);
INSERT INTO public.planet VALUES (4, 'Mars', NULL, NULL, NULL, NULL, 7, NULL);
INSERT INTO public.planet VALUES (5, 'Ceres', NULL, NULL, NULL, NULL, 7, NULL);
INSERT INTO public.planet VALUES (6, 'Jowicz', NULL, NULL, NULL, NULL, 7, NULL);
INSERT INTO public.planet VALUES (7, 'Saturn', NULL, NULL, NULL, NULL, 7, NULL);
INSERT INTO public.planet VALUES (8, 'Uran', NULL, NULL, NULL, NULL, 7, NULL);
INSERT INTO public.planet VALUES (9, 'Neptun', NULL, NULL, NULL, NULL, 7, NULL);
INSERT INTO public.planet VALUES (10, 'Pluton', NULL, NULL, NULL, NULL, 7, NULL);
INSERT INTO public.planet VALUES (11, 'Charon', NULL, NULL, NULL, NULL, 7, NULL);
INSERT INTO public.planet VALUES (12, '2003 UB313 / Eris', NULL, NULL, NULL, NULL, 7, NULL);


--
-- Data for Name: star; Type: TABLE DATA; Schema: public; Owner: freecodecamp
--

INSERT INTO public.star VALUES (1, 'R136a1', NULL, NULL, 2, NULL);
INSERT INTO public.star VALUES (2, 'HV5993', NULL, NULL, 3, NULL);
INSERT INTO public.star VALUES (3, 'R136', NULL, NULL, 4, NULL);
INSERT INTO public.star VALUES (4, 'WOHG64', NULL, NULL, 1, NULL);
INSERT INTO public.star VALUES (5, 'SMC78282', NULL, NULL, 5, NULL);
INSERT INTO public.star VALUES (6, 'PMMR62', NULL, NULL, 6, NULL);
INSERT INTO public.star VALUES (7, 'Slonce', NULL, NULL, 7, NULL);


--
-- Data for Name: wormhole; Type: TABLE DATA; Schema: public; Owner: freecodecamp
--

INSERT INTO public.wormhole VALUES (1, 'Saggitarus A*', NULL, NULL);
INSERT INTO public.wormhole VALUES (2, 'm87', NULL, NULL);
INSERT INTO public.wormhole VALUES (3, 'TON 618', NULL, NULL);


--
-- Name: galaxy_galaxy_id_seq; Type: SEQUENCE SET; Schema: public; Owner: freecodecamp
--

SELECT pg_catalog.setval('public.galaxy_galaxy_id_seq', 7, true);


--
-- Name: moon_moon_id_seq; Type: SEQUENCE SET; Schema: public; Owner: freecodecamp
--

SELECT pg_catalog.setval('public.moon_moon_id_seq', 20, true);


--
-- Name: planet_planet_id_seq; Type: SEQUENCE SET; Schema: public; Owner: freecodecamp
--

SELECT pg_catalog.setval('public.planet_planet_id_seq', 12, true);


--
-- Name: star_star_id_seq; Type: SEQUENCE SET; Schema: public; Owner: freecodecamp
--

SELECT pg_catalog.setval('public.star_star_id_seq', 7, true);


--
-- Name: wormhole_wormhole_id_seq; Type: SEQUENCE SET; Schema: public; Owner: freecodecamp
--

SELECT pg_catalog.setval('public.wormhole_wormhole_id_seq', 33, true);


--
-- Name: galaxy galaxy_name_unique; Type: CONSTRAINT; Schema: public; Owner: freecodecamp
--

ALTER TABLE ONLY public.galaxy
    ADD CONSTRAINT galaxy_name_unique UNIQUE (name);


--
-- Name: galaxy galaxy_pkey; Type: CONSTRAINT; Schema: public; Owner: freecodecamp
--

ALTER TABLE ONLY public.galaxy
    ADD CONSTRAINT galaxy_pkey PRIMARY KEY (galaxy_id);


--
-- Name: moon moon_name_unique; Type: CONSTRAINT; Schema: public; Owner: freecodecamp
--

ALTER TABLE ONLY public.moon
    ADD CONSTRAINT moon_name_unique UNIQUE (name);


--
-- Name: moon moon_pkey; Type: CONSTRAINT; Schema: public; Owner: freecodecamp
--

ALTER TABLE ONLY public.moon
    ADD CONSTRAINT moon_pkey PRIMARY KEY (moon_id);


--
-- Name: planet planet_name_unique; Type: CONSTRAINT; Schema: public; Owner: freecodecamp
--

ALTER TABLE ONLY public.planet
    ADD CONSTRAINT planet_name_unique UNIQUE (name);


--
-- Name: planet planet_pkey; Type: CONSTRAINT; Schema: public; Owner: freecodecamp
--

ALTER TABLE ONLY public.planet
    ADD CONSTRAINT planet_pkey PRIMARY KEY (planet_id);


--
-- Name: star star_name_unique; Type: CONSTRAINT; Schema: public; Owner: freecodecamp
--

ALTER TABLE ONLY public.star
    ADD CONSTRAINT star_name_unique UNIQUE (name);


--
-- Name: star star_pkey; Type: CONSTRAINT; Schema: public; Owner: freecodecamp
--

ALTER TABLE ONLY public.star
    ADD CONSTRAINT star_pkey PRIMARY KEY (star_id);


--
-- Name: wormhole wormhole_name_key; Type: CONSTRAINT; Schema: public; Owner: freecodecamp
--

ALTER TABLE ONLY public.wormhole
    ADD CONSTRAINT wormhole_name_key UNIQUE (name);


--
-- Name: wormhole wormhole_pkey; Type: CONSTRAINT; Schema: public; Owner: freecodecamp
--

ALTER TABLE ONLY public.wormhole
    ADD CONSTRAINT wormhole_pkey PRIMARY KEY (wormhole_id);


--
-- Name: moon moon_planet_id_fkey; Type: FK CONSTRAINT; Schema: public; Owner: freecodecamp
--

ALTER TABLE ONLY public.moon
    ADD CONSTRAINT moon_planet_id_fkey FOREIGN KEY (planet_id) REFERENCES public.planet(planet_id);


--
-- Name: planet planet_star_id_fkey; Type: FK CONSTRAINT; Schema: public; Owner: freecodecamp
--

ALTER TABLE ONLY public.planet
    ADD CONSTRAINT planet_star_id_fkey FOREIGN KEY (star_id) REFERENCES public.star(star_id);


--
-- Name: star star_galaxy_id_fkey; Type: FK CONSTRAINT; Schema: public; Owner: freecodecamp
--

ALTER TABLE ONLY public.star
    ADD CONSTRAINT star_galaxy_id_fkey FOREIGN KEY (galaxy_id) REFERENCES public.galaxy(galaxy_id);


--
-- PostgreSQL database dump complete
--

